GEO.id,GEO.id2,GEO.display-label,HD01_VD01,HD02_VD01,HD01_VD02,HD02_VD02,HD01_VD03,HD02_VD03,HD01_VD04,HD02_VD04,HD01_VD05,HD02_VD05,HD01_VD06,HD02_VD06,HD01_VD07,HD02_VD07,HD01_VD08,HD02_VD08,HD01_VD09,HD02_VD09,HD01_VD10,HD02_VD10
Id,Id2,Geography,Estimate; Total:,Margin of Error; Total:,Estimate; Under 18 years:,Margin of Error; Under 18 years:,Estimate; Under 18 years: - With health insurance coverage,Margin of Error; Under 18 years: - With health insurance coverage,Estimate; Under 18 years: - No health insurance coverage,Margin of Error; Under 18 years: - No health insurance coverage,Estimate; 18 to 64 years:,Margin of Error; 18 to 64 years:,Estimate; 18 to 64 years: - With health insurance coverage,Margin of Error; 18 to 64 years: - With health insurance coverage,Estimate; 18 to 64 years: - No health insurance coverage,Margin of Error; 18 to 64 years: - No health insurance coverage,Estimate; 65 years or over:,Margin of Error; 65 years or over:,Estimate; 65 years or over: - With health insurance coverage,Margin of Error; 65 years or over: - With health insurance coverage,Estimate; 65 years or over: - No health insurance coverage,Margin of Error; 65 years or over: - No health insurance coverage
5001000US0101,0101,"Congressional District 1 (110th Congress), Alabama",661947,5198,169067,1741,148278,3580,20789,3208,403154,4474,312812,5568,90342,5090,89726,1688,89396,1668,330,245
5001000US0102,0102,"Congressional District 2 (110th Congress), Alabama",626359,8721,159723,3454,149622,3827,10101,2265,378108,6791,309996,6812,68112,5099,88528,2179,88090,2206,438,295
5001000US0103,0103,"Congressional District 3 (110th Congress), Alabama",651139,7590,151892,3483,141689,4475,10203,2827,415759,5553,339980,7039,75779,5521,83488,2085,82387,2060,1101,545
5001000US0104,0104,"Congressional District 4 (110th Congress), Alabama",641475,5387,153403,2799,137707,4069,15696,2833,392932,3916,299372,6769,93560,6319,95140,2207,94133,2239,1007,510
5001000US0105,0105,"Congressional District 5 (110th Congress), Alabama",678813,4828,160867,2057,148204,3407,12663,2700,424854,4338,347005,6855,77849,5680,93092,1705,92751,1746,341,390
5001000US0106,0106,"Congressional District 6 (110th Congress), Alabama",731260,9896,184302,4609,173921,4528,10381,2361,457921,6769,400144,6907,57777,4511,89037,2718,88985,2723,52,86
5001000US0107,0107,"Congressional District 7 (110th Congress), Alabama",583192,10231,140478,5152,130369,5547,10109,2356,367763,7272,283201,8140,84562,5578,74951,2391,74616,2355,335,221
5001000US0200,0200,"Congressional District (at Large) (110th Congress), Alaska",659084,2654,180431,1224,157232,2759,23199,2657,430938,3005,323034,5288,107904,5382,47715,912,46668,1053,1047,503
5001000US0401,0401,"Congressional District 1 (110th Congress), Arizona",736469,8287,189583,3857,145532,5280,44051,4287,431315,5929,314059,7781,117256,6575,115571,2538,111815,2498,3756,691
5001000US0402,0402,"Congressional District 2 (110th Congress), Arizona",980942,19577,254499,9056,220580,9015,33919,5517,553046,13811,447563,12480,105483,9106,173397,5159,171450,4986,1947,912
5001000US0403,0403,"Congressional District 3 (110th Congress), Arizona",731947,18502,180455,10148,155070,9331,25385,4820,477136,12317,366837,11776,110299,8274,74356,4330,73410,4341,946,592
5001000US0404,0404,"Congressional District 4 (110th Congress), Arizona",744997,23415,255235,11413,193559,10911,61676,5204,447987,14792,267062,11805,180925,10675,41775,3739,37313,3367,4462,1741
5001000US0405,0405,"Congressional District 5 (110th Congress), Arizona",688446,21174,150669,10279,133951,9109,16718,3706,454614,12519,377895,10857,76719,7824,83163,4478,81325,4536,1838,966
5001000US0406,0406,"Congressional District 6 (110th Congress), Arizona",955234,23472,264989,11472,232942,10978,32047,5102,559488,16443,453475,13739,106013,8509,130757,5049,128673,5048,2084,905
5001000US0407,0407,"Congressional District 7 (110th Congress), Arizona",824732,16611,245616,8338,197525,8515,48091,5645,479500,10311,342522,9704,136978,8269,99616,4170,96337,4193,3279,1401
5001000US0408,0408,"Congressional District 8 (110th Congress), Arizona",740019,13050,164795,5023,150509,5925,14286,2981,439443,8210,372187,9024,67256,5592,135781,4394,134928,4515,853,633
5001000US0501,0501,"Congressional District 1 (110th Congress), Arkansas",658301,5734,164155,1899,153203,2974,10952,2197,394091,4931,283796,6209,110295,5670,100055,2738,99574,2764,481,344
5001000US0502,0502,"Congressional District 2 (110th Congress), Arkansas",714840,4615,178359,1512,164866,2965,13493,2711,445924,3238,349772,6150,96152,5628,90557,1849,89672,1707,885,891
5001000US0503,0503,"Congressional District 3 (110th Congress), Arkansas",785287,4491,205313,2084,182551,4047,22762,3760,484420,3164,356738,7215,127682,7180,95554,2421,94753,2452,801,432
5001000US0504,0504,"Congressional District 4 (110th Congress), Arkansas",643200,5670,153662,1641,139514,2543,14148,2312,390440,3851,283761,6122,106679,5740,99098,3374,98293,3366,805,541
5001000US0601,0601,"Congressional District 1 (110th Congress), California",675436,8747,148559,3393,133084,4493,15475,2948,441850,6215,353472,8357,88378,7269,85027,2796,83590,2857,1437,713
5001000US0602,0602,"Congressional District 2 (110th Congress), California",703028,7342,167753,3292,148750,4094,19003,3026,435590,5493,329627,8570,105963,7251,99685,2130,98498,2042,1187,730
5001000US0603,0603,"Congressional District 3 (110th Congress), California",763842,15992,198255,7488,187220,7439,11035,3538,469636,10968,401069,9735,68567,6096,95951,3587,95098,3493,853,596
5001000US0604,0604,"Congressional District 4 (110th Congress), California",741026,7593,157996,3919,148048,4483,9948,2270,473913,4885,395852,6236,78061,5420,109117,2500,108273,2440,844,609
5001000US0605,0605,"Congressional District 5 (110th Congress), California",673179,14654,172658,7428,160833,7817,11825,2464,427134,9762,338599,8498,88535,6227,73387,3139,72841,3163,546,393
5001000US0606,0606,"Congressional District 6 (110th Congress), California",639036,6521,135158,3046,123729,3832,11429,2847,414017,4778,346046,6567,67971,5480,89861,1825,88762,2006,1099,518
5001000US0607,0607,"Congressional District 7 (110th Congress), California",640695,16855,156886,7645,142523,7736,14363,3018,415960,10448,348342,9607,67618,6197,67849,3478,66955,3402,894,518
5001000US0608,0608,"Congressional District 8 (110th Congress), California",660781,8880,96393,3253,91623,3569,4770,1681,473818,6087,405875,8232,67943,5711,90570,3610,88588,3780,1982,1087
5001000US0609,0609,"Congressional District 9 (110th Congress), California",619446,13283,132698,5324,118899,4976,13799,2632,419879,10530,341472,9351,78407,7171,66869,3048,65763,3020,1106,487
5001000US0610,0610,"Congressional District 10 (110th Congress), California",689938,17711,174430,8382,162858,8235,11572,2698,432557,12094,372399,11168,60158,6230,82951,4043,81147,4039,1804,1052
5001000US0611,0611,"Congressional District 11 (110th Congress), California",793982,17516,224386,7466,212112,6865,12274,2845,489488,11934,414516,10844,74972,7167,80108,4142,78739,3996,1369,738
5001000US0612,0612,"Congressional District 12 (110th Congress), California",655297,11815,133110,4888,126762,5116,6348,1858,427928,8698,375703,7946,52225,4940,94259,4892,93481,4922,778,452
5001000US0613,0613,"Congressional District 13 (110th Congress), California",644218,14466,156878,6564,150561,6643,6317,1824,414132,10770,356601,10005,57531,5453,73208,3528,70913,3483,2295,1032
5001000US0614,0614,"Congressional District 14 (110th Congress), California",647011,16331,147047,6276,139325,6282,7722,2144,420146,12024,364114,10141,56032,6708,79818,4137,78381,4159,1437,644
5001000US0615,0615,"Congressional District 15 (110th Congress), California",663488,18166,159287,7194,151969,6938,7318,2241,432277,11319,375694,10237,56583,6517,71924,5218,69975,5143,1949,1088
5001000US0616,0616,"Congressional District 16 (110th Congress), California",653064,17723,167853,8252,157252,8036,10601,3040,425162,11474,346533,9804,78629,6485,60049,3552,59172,3536,877,494
5001000US0617,0617,"Congressional District 17 (110th Congress), California",622566,7565,167286,2953,149406,4082,17880,3604,390097,5694,286819,7159,103278,6979,65183,1633,64228,1683,955,496
5001000US0618,0618,"Congressional District 18 (110th Congress), California",674799,16996,208996,7717,188820,7898,20176,3808,402998,10515,285673,9150,117325,7725,62805,3921,61643,3943,1162,512
5001000US0619,0619,"Congressional District 19 (110th Congress), California",746474,18330,204598,8716,187086,8192,17512,4096,456070,11819,351638,11465,104432,8383,85806,4064,84508,4014,1298,882
5001000US0620,0620,"Congressional District 20 (110th Congress), California",648912,17532,229329,9687,200520,8880,28809,5004,371056,10943,230533,9432,140523,9117,48527,2886,45358,2885,3169,843
5001000US0621,0621,"Congressional District 21 (110th Congress), California",755561,15062,229444,7268,192830,7859,36614,4952,453440,8856,327205,10092,126235,7427,72677,4006,71269,3968,1408,633
5001000US0622,0622,"Congressional District 22 (110th Congress), California",730354,15847,202333,7450,183907,7885,18426,3491,448732,10247,360441,9033,88291,6034,79289,2866,78723,2738,566,401
5001000US0623,0623,"Congressional District 23 (110th Congress), California",661485,16239,155567,7204,132666,7002,22901,3783,427529,10824,315435,9776,112094,7032,78389,3049,77294,3263,1095,610
5001000US0624,0624,"Congressional District 24 (110th Congress), California",656160,14812,168636,7184,156734,6915,11902,2770,406251,9222,344281,7889,61970,5629,81273,2850,80895,2788,378,298
5001000US0625,0625,"Congressional District 25 (110th Congress), California",798962,26167,254476,13028,226882,12002,27594,4556,477223,16343,378326,11678,98897,8822,67263,4822,65779,4721,1484,1086
5001000US0626,0626,"Congressional District 26 (110th Congress), California",681521,20825,168212,9142,154846,8737,13366,3310,433254,13645,361766,11414,71488,7281,80055,5016,78590,5043,1465,832
5001000US0627,0627,"Congressional District 27 (110th Congress), California",680095,22164,169737,9715,150421,9654,19316,3460,432694,16139,317565,12906,115129,9952,77664,4935,75144,4656,2520,942
5001000US0628,0628,"Congressional District 28 (110th Congress), California",634072,21650,167530,10748,146575,10635,20955,3087,411293,14036,272836,10584,138457,7902,55249,4108,53565,3867,1684,693
5001000US0629,0629,"Congressional District 29 (110th Congress), California",648650,22109,135996,7640,123975,6958,12021,2802,419832,16754,313143,12646,106689,8513,92822,6238,90710,6214,2112,820
5001000US0630,0630,"Congressional District 30 (110th Congress), California",663370,19523,119070,6587,115010,6258,4060,1689,444292,15559,394298,14948,49994,4994,100008,7616,99058,7635,950,679
5001000US0631,0631,"Congressional District 31 (110th Congress), California",625837,20957,162411,9176,126333,8369,36078,4460,412695,15143,205031,12553,207664,9573,50731,3881,46785,3863,3946,1193
5001000US0632,0632,"Congressional District 32 (110th Congress), California",648783,25941,176899,11329,155019,9969,21880,3331,408022,17432,271922,12158,136100,10750,63862,4304,62099,4256,1763,675
5001000US0633,0633,"Congressional District 33 (110th Congress), California",648906,23771,139514,9236,117069,7754,22445,3416,442671,17464,289308,12591,153363,9396,66721,4756,63292,4653,3429,1147
5001000US0634,0634,"Congressional District 34 (110th Congress), California",647478,26262,204941,11121,157687,9515,47254,4932,390751,16606,211752,10601,178999,11320,51786,4272,48717,4092,3069,982
5001000US0635,0635,"Congressional District 35 (110th Congress), California",661212,24135,199170,11703,172765,10889,26405,3714,406483,15321,264266,10222,142217,10281,55559,4417,53802,4285,1757,713
5001000US0636,0636,"Congressional District 36 (110th Congress), California",660360,18628,147059,8941,133660,8814,13399,2938,437699,13006,344111,11372,93588,7822,75602,4424,74285,4395,1317,768
5001000US0637,0637,"Congressional District 37 (110th Congress), California",669040,23635,213268,11851,188467,10998,24801,4566,403744,13371,289837,12011,113907,8036,52028,4307,49437,4212,2591,1199
5001000US0638,0638,"Congressional District 38 (110th Congress), California",624838,21838,174629,9914,151302,8279,23327,3906,386676,15284,260012,12475,126664,8825,63533,3965,60030,3946,3503,1280
5001000US0639,0639,"Congressional District 39 (110th Congress), California",627306,18425,183265,8805,157197,8995,26068,4181,387987,13130,265764,9526,122223,8390,56054,3965,54458,3977,1596,633
5001000US0640,0640,"Congressional District 40 (110th Congress), California",665399,15809,166123,6735,145039,7105,21084,4763,421116,11605,317229,9809,103887,7752,78160,3448,76200,3529,1960,1070
5001000US0641,0641,"Congressional District 41 (110th Congress), California",744422,22150,200019,9354,173238,9303,26781,4311,446264,14791,333124,12028,113140,8265,98139,3950,95522,3861,2617,1218
5001000US0642,0642,"Congressional District 42 (110th Congress), California",670215,21021,167424,9079,156000,8861,11424,2325,431829,14558,368510,11903,63319,6710,70962,4236,69132,4123,1830,787
5001000US0643,0643,"Congressional District 43 (110th Congress), California",726483,21345,234590,9061,200585,8934,34005,4809,448304,14622,302957,12417,145347,9812,43589,3224,42387,3347,1202,770
5001000US0644,0644,"Congressional District 44 (110th Congress), California",822604,22092,227008,10371,198900,8943,28108,4987,524705,15055,397056,13191,127649,8450,70891,4300,68553,4377,2338,1194
5001000US0645,0645,"Congressional District 45 (110th Congress), California",849071,21350,235136,10913,202312,9790,32824,4812,491360,14397,348977,13640,142383,7992,122575,3880,120890,3877,1685,592
5001000US0646,0646,"Congressional District 46 (110th Congress), California",629932,21793,133466,9035,123482,8447,9984,2292,399294,15528,333944,13051,65350,5825,97172,3907,96565,3906,607,337
5001000US0647,0647,"Congressional District 47 (110th Congress), California",652646,21447,205123,9570,170647,9012,34476,4640,402697,13093,244587,10153,158110,8823,44826,3764,41526,3644,3300,1040
5001000US0648,0648,"Congressional District 48 (110th Congress), California",719320,18867,166553,9478,156375,9134,10178,2765,461669,13417,398296,12564,63373,6665,91098,3478,89326,3393,1772,946
5001000US0649,0649,"Congressional District 49 (110th Congress), California",748102,26856,215880,11182,188742,10538,27138,4420,442205,16937,325546,13352,116659,8634,90017,5441,87625,5178,2392,1246
5001000US0650,0650,"Congressional District 50 (110th Congress), California",736722,23460,189991,8561,169839,8176,20152,4056,463086,18184,380018,13444,83068,7770,83645,4323,82858,4344,787,362
5001000US0651,0651,"Congressional District 51 (110th Congress), California",673780,19989,206903,9201,175467,10191,31436,4924,394124,12348,278310,10049,115814,9373,72753,3402,70370,3325,2383,903
5001000US0652,0652,"Congressional District 52 (110th Congress), California",648815,19856,173760,8813,158948,8724,14812,2999,400044,13951,331571,11235,68473,5960,75011,3806,74427,3786,584,379
5001000US0653,0653,"Congressional District 53 (110th Congress), California",592881,17142,114025,7838,92863,7624,21162,3567,419193,12348,311018,11320,108175,7208,59663,3944,58707,3901,956,564
5001000US0801,0801,"Congressional District 1 (110th Congress), Colorado",656608,5443,163906,2728,125132,5528,38774,5096,424352,4217,316321,6839,108031,6063,68350,1334,66075,1707,2275,1093
5001000US0802,0802,"Congressional District 2 (110th Congress), Colorado",716315,13732,173439,6839,152087,6915,21352,3587,489140,8715,398941,8690,90199,7060,53736,2695,52491,2645,1245,825
5001000US0803,0803,"Congressional District 3 (110th Congress), Colorado",691166,3634,158339,2100,128027,3965,30312,3729,437843,2913,320345,5919,117498,5480,94984,2092,94677,2080,307,195
5001000US0804,0804,"Congressional District 4 (110th Congress), Colorado",702209,8615,169540,4445,149109,4921,20431,3428,459876,5684,368050,7431,91826,5414,72793,2487,72075,2449,718,558
5001000US0805,0805,"Congressional District 5 (110th Congress), Colorado",651491,4887,169833,1847,150584,3164,19249,3086,413410,3996,329227,5581,84183,5589,68248,1479,67274,1478,974,450
5001000US0806,0806,"Congressional District 6 (110th Congress), Colorado",789614,9485,209583,4514,196591,5225,12992,2902,511151,7023,452887,6749,58264,5699,68880,2629,68184,2595,696,530
5001000US0807,0807,"Congressional District 7 (110th Congress), Colorado",646001,13117,159296,6722,129452,7096,29844,4333,418391,8789,315063,7712,103328,6181,68314,2735,66948,2518,1366,898
5001000US0901,0901,"Congressional District 1 (110th Congress), Connecticut",690831,11169,159414,4559,152229,4453,7185,1787,433612,7685,383987,7888,49625,4374,97805,2718,96741,2851,1064,733
5001000US0902,0902,"Congressional District 2 (110th Congress), Connecticut",693476,6629,157811,3263,149969,3699,7842,2416,446929,4779,400279,6146,46650,5087,88736,2616,88485,2628,251,199
5001000US0903,0903,"Congressional District 3 (110th Congress), Connecticut",684265,10811,146039,4786,140699,4877,5340,1645,447859,8211,391974,8484,55885,5093,90367,3541,89308,3534,1059,458
5001000US0904,0904,"Congressional District 4 (110th Congress), Connecticut",679083,10578,173118,4176,163724,4265,9394,2024,420551,7956,356460,8311,64091,6982,85414,3294,84212,3242,1202,710
5001000US0905,0905,"Congressional District 5 (110th Congress), Connecticut",693189,16143,173585,7409,163768,7479,9817,2448,431242,11014,380791,10941,50451,5026,88362,3564,87621,3519,741,424
5001000US1000,1000,"Congressional District (at Large) (110th Congress), Delaware",856131,1689,206043,342,190057,3267,15986,3223,533701,1974,462339,5271,71362,4564,116387,879,115806,994,581,412
5001000US1198,1198,"Delegate District (at Large) (110th Congress), District of Columbia",580464,653,111263,844,106506,1983,4757,1786,402887,1335,363099,3226,39788,2940,66314,617,64150,1063,2164,1013
5001000US1201,1201,"Congressional District 1 (110th Congress), Florida",658648,6053,160034,1790,136455,3754,23579,3916,405396,5245,308619,6075,96777,6235,93218,2558,92517,2516,701,433
5001000US1202,1202,"Congressional District 2 (110th Congress), Florida",672317,9227,150155,3322,136683,3638,13472,2541,432624,7210,340455,7636,92169,7112,89538,2717,89189,2714,349,264
5001000US1203,1203,"Congressional District 3 (110th Congress), Florida",628747,22419,163417,8900,132293,8701,31124,4571,396038,15727,264183,10721,131855,12442,69292,4778,67388,4540,1904,836
5001000US1204,1204,"Congressional District 4 (110th Congress), Florida",694039,12780,166649,6160,144538,6644,22111,3999,445778,8863,355366,9043,90412,6728,81612,2773,81192,2747,420,398
5001000US1205,1205,"Congressional District 5 (110th Congress), Florida",897981,15933,184581,7829,153174,7449,31407,4394,500207,9251,361709,9959,138498,7967,213193,5719,211293,5570,1900,803
5001000US1206,1206,"Congressional District 6 (110th Congress), Florida",793923,14889,173609,7374,145805,7530,27804,4407,486786,10266,372473,9890,114313,8186,133528,4765,131877,4815,1651,664
5001000US1207,1207,"Congressional District 7 (110th Congress), Florida",783679,13201,167130,5775,140376,6410,26754,2942,484534,9217,376120,9319,108414,7392,132015,4630,130163,4621,1852,740
5001000US1208,1208,"Congressional District 8 (110th Congress), Florida",780838,16905,186749,7790,158439,7573,28310,3943,494681,11442,368557,11402,126124,7124,99408,4769,97039,4695,2369,1083
5001000US1209,1209,"Congressional District 9 (110th Congress), Florida",745455,15050,167123,8247,146066,7735,21057,3835,451574,9938,350638,9683,100936,6697,126758,5977,124051,5789,2707,1200
5001000US1210,1210,"Congressional District 10 (110th Congress), Florida",609511,11016,109187,4997,91438,5479,17749,3143,367975,7917,277462,7867,90513,5962,132349,3187,130304,3166,2045,839
5001000US1211,1211,"Congressional District 11 (110th Congress), Florida",661792,15958,162591,7467,131207,7090,31384,6227,426826,10752,306069,9573,120757,6935,72375,3666,70420,3795,1955,775
5001000US1212,1212,"Congressional District 12 (110th Congress), Florida",770374,13608,192486,7650,161711,8204,30775,3870,453578,9089,343234,8635,110344,6603,124310,3526,122897,3575,1413,657
5001000US1213,1213,"Congressional District 13 (110th Congress), Florida",726601,8006,131857,4390,104992,5120,26865,4103,399963,5160,287752,6936,112211,6811,194781,2674,192106,2552,2675,1159
5001000US1214,1214,"Congressional District 14 (110th Congress), Florida",825273,8557,160819,3774,126522,5219,34297,4394,451040,6004,325615,8354,125425,7800,213414,2541,210455,2756,2959,1318
5001000US1215,1215,"Congressional District 15 (110th Congress), Florida",782478,11583,166670,5483,134108,5543,32562,3834,467658,7852,341872,7804,125786,7257,148150,3025,146402,2942,1748,705
5001000US1216,1216,"Congressional District 16 (110th Congress), Florida",763631,14314,159890,6876,130968,6682,28922,4508,429075,10463,298530,8840,130545,7751,174666,4193,172949,4274,1717,813
5001000US1217,1217,"Congressional District 17 (110th Congress), Florida",635227,20289,166869,9078,122022,8170,44847,5337,390440,12530,235061,10336,155379,8535,77918,3421,72737,3343,5181,1379
5001000US1218,1218,"Congressional District 18 (110th Congress), Florida",631599,17438,113734,6727,93273,6431,20461,2941,402977,13484,254310,10371,148667,9214,114888,5426,109708,5617,5180,1828
5001000US1219,1219,"Congressional District 19 (110th Congress), Florida",730843,20475,148547,9421,117301,8753,31246,4642,394855,12675,294095,9959,100760,8064,187441,5754,184837,5519,2604,1151
5001000US1220,1220,"Congressional District 20 (110th Congress), Florida",669955,19536,140463,8071,121910,7489,18553,2733,421199,13993,319430,13076,101769,7237,108293,4981,106004,4905,2289,869
5001000US1221,1221,"Congressional District 21 (110th Congress), Florida",662456,21639,139955,8472,113264,7732,26691,4256,411690,15439,265480,12764,146210,10533,110811,5981,104632,5700,6179,1967
5001000US1222,1222,"Congressional District 22 (110th Congress), Florida",674627,20023,128938,8099,112616,7686,16322,3335,411531,13484,323221,11174,88310,8019,134158,5656,132443,5634,1715,657
5001000US1223,1223,"Congressional District 23 (110th Congress), Florida",646328,23087,172015,9595,133177,8062,38838,4774,400678,15072,244051,11975,156627,10676,73635,4716,70030,4438,3605,1025
5001000US1224,1224,"Congressional District 24 (110th Congress), Florida",763373,18862,167319,10116,140615,8091,26704,5137,481539,12277,376646,10316,104893,8343,114515,5222,112929,4906,1586,896
5001000US1225,1225,"Congressional District 25 (110th Congress), Florida",786148,20833,215545,9595,166322,8662,49223,5130,486065,13760,316015,12204,170050,10384,84538,4855,80867,4997,3671,1196
5001000US1301,1301,"Congressional District 1 (110th Congress), Georgia",650641,9443,181052,4335,163260,4981,17792,2804,393368,7394,292716,9019,100652,6355,76221,2218,75932,2222,289,194
5001000US1302,1302,"Congressional District 2 (110th Congress), Georgia",591986,8551,161358,4339,144551,4796,16807,2832,355128,6307,256763,6042,98365,6308,75500,2547,74339,2583,1161,609
5001000US1303,1303,"Congressional District 3 (110th Congress), Georgia",783855,11200,211165,5084,195976,5123,15189,2332,485731,6857,398623,7601,87108,5915,86959,2615,86388,2566,571,398
5001000US1304,1304,"Congressional District 4 (110th Congress), Georgia",680694,13373,176991,6499,145351,6711,31640,4863,454276,8628,295367,8440,158909,8078,49427,2625,47693,2670,1734,865
5001000US1305,1305,"Congressional District 5 (110th Congress), Georgia",664379,17606,142447,9379,123720,8508,18727,3825,463118,11054,345495,10189,117623,12308,58814,3723,57421,3626,1393,876
5001000US1306,1306,"Congressional District 6 (110th Congress), Georgia",833277,17895,232179,9389,212029,9207,20150,3734,530764,11440,446114,11450,84650,7489,70334,4308,65915,3754,4419,1523
5001000US1307,1307,"Congressional District 7 (110th Congress), Georgia",894940,12006,261238,5721,227909,7156,33329,4709,569320,7989,438467,8467,130853,8365,64382,2238,61991,2374,2391,1028
5001000US1308,1308,"Congressional District 8 (110th Congress), Georgia",682649,10115,184612,4245,162880,4626,21732,4411,414952,6918,307829,7756,107123,6048,83085,2997,82156,3020,929,523
5001000US1309,1309,"Congressional District 9 (110th Congress), Georgia",793796,7664,212596,3137,185024,5637,27572,4070,489520,5207,354083,9226,135437,8804,91680,2943,90465,3016,1215,598
5001000US1310,1310,"Congressional District 10 (110th Congress), Georgia",694285,7884,166359,4545,149071,4849,17288,3202,438736,6192,334699,7416,104037,7259,89190,2731,88449,2768,741,419
5001000US1311,1311,"Congressional District 11 (110th Congress), Georgia",772707,11134,209187,6369,187807,6882,21380,4013,488007,7377,378145,7905,109862,6311,75513,2763,74723,2764,790,607
5001000US1312,1312,"Congressional District 12 (110th Congress), Georgia",654562,10393,175391,4625,157096,5105,18295,3235,404257,8176,299314,8134,104943,7386,74914,2733,74359,2681,555,391
5001000US1313,1313,"Congressional District 13 (110th Congress), Georgia",775670,19007,221483,9140,190552,8497,30931,4787,499769,11742,367578,12121,132191,8536,54418,2902,53419,2761,999,582
5001000US1501,1501,"Congressional District 1 (110th Congress), Hawaii",610989,10827,131937,4779,129303,4930,2634,773,373180,7789,345519,7810,27661,3539,105872,2643,105250,2668,622,338
5001000US1502,1502,"Congressional District 2 (110th Congress), Hawaii",625676,10532,152556,4764,144858,5729,7698,2447,393244,7471,349380,9067,43864,4247,79876,2843,79244,2742,632,375
5001000US1601,1601,"Congressional District 1 (110th Congress), Idaho",798192,6901,217103,3467,187340,5236,29763,4822,482575,4668,373491,6222,109084,5582,98514,2624,97717,2614,797,432
5001000US1602,1602,"Congressional District 2 (110th Congress), Idaho",700595,7020,195867,3667,169181,3838,26686,3518,429705,4564,330071,6986,99634,7011,75023,2223,74375,2272,648,373
5001000US1701,1701,"Congressional District 1 (110th Congress), Illinois",617368,22156,164506,10154,153218,9476,11288,2799,376310,15103,293652,12531,82658,6709,76552,3967,74838,3980,1714,640
5001000US1702,1702,"Congressional District 2 (110th Congress), Illinois",626494,19358,174637,10582,160642,10657,13995,3405,374459,11197,287005,10508,87454,6377,77398,4126,76124,4080,1274,672
5001000US1703,1703,"Congressional District 3 (110th Congress), Illinois",681863,18837,186337,9410,173601,8731,12736,2714,415515,12216,328428,11563,87087,6388,80011,4758,78058,4703,1953,967
5001000US1704,1704,"Congressional District 4 (110th Congress), Illinois",617106,19619,175322,9315,153735,9074,21587,3704,400404,13116,236849,10411,163555,10249,41380,2899,38130,2859,3250,919
5001000US1705,1705,"Congressional District 5 (110th Congress), Illinois",647591,20067,133570,8402,123964,8154,9606,2677,445253,14500,347453,10964,97800,8255,68768,4399,66030,4159,2738,982
5001000US1706,1706,"Congressional District 6 (110th Congress), Illinois",659629,15362,166610,7907,158748,7961,7862,2561,421549,10988,355112,10566,66437,5917,71470,3792,68976,3832,2494,1207
5001000US1707,1707,"Congressional District 7 (110th Congress), Illinois",614270,20547,145200,10341,133677,10228,11523,2691,406358,13009,326370,11268,79988,7173,62712,4216,60804,4226,1908,715
5001000US1708,1708,"Congressional District 8 (110th Congress), Illinois",728072,16819,188761,7695,179952,7480,8809,2579,471929,11733,404730,9571,67199,6362,67382,3340,65836,3307,1546,799
5001000US1709,1709,"Congressional District 9 (110th Congress), Illinois",625199,19021,127920,9473,118092,9051,9828,3125,407233,12295,331894,10571,75339,6663,90046,4004,88309,3968,1737,829
5001000US1710,1710,"Congressional District 10 (110th Congress), Illinois",646737,16552,169573,8230,164339,8308,5234,1705,388334,11556,336804,10004,51530,5748,88830,4318,86708,4219,2122,1142
5001000US1711,1711,"Congressional District 11 (110th Congress), Illinois",751894,12920,191460,6174,184881,6324,6579,1413,481113,8638,412945,8218,68168,4801,79321,3569,78570,3492,751,494
5001000US1712,1712,"Congressional District 12 (110th Congress), Illinois",632261,5456,150883,2595,142880,3173,8003,1748,392379,4417,329044,5834,63335,4223,88999,2103,88679,2176,320,335
5001000US1713,1713,"Congressional District 13 (110th Congress), Illinois",772547,15904,207371,7682,201349,7664,6022,1840,492962,11503,441389,10080,51573,4844,72214,3702,71004,3535,1210,729
5001000US1714,1714,"Congressional District 14 (110th Congress), Illinois",811548,8517,226691,3562,213954,4153,12737,3013,517463,6888,431723,6830,85740,5343,67394,2327,66832,2409,562,391
5001000US1715,1715,"Congressional District 15 (110th Congress), Illinois",652082,8017,145239,3373,136758,3483,8481,2440,420316,6058,364493,6243,55823,4478,86527,2929,86254,2926,273,212
5001000US1716,1716,"Congressional District 16 (110th Congress), Illinois",726112,7520,187813,3682,182911,3762,4902,1177,450362,4775,386964,6827,63398,5686,87937,3722,87242,3676,695,410
5001000US1717,1717,"Congressional District 17 (110th Congress), Illinois",613935,7068,138264,3266,129715,3867,8549,1999,380386,4956,319538,4849,60848,3852,95285,3212,94950,3250,335,222
5001000US1718,1718,"Congressional District 18 (110th Congress), Illinois",638790,8773,149136,3451,143761,3500,5375,1408,396386,5529,343200,5826,53186,4179,93268,4228,92520,4292,748,429
5001000US1719,1719,"Congressional District 19 (110th Congress), Illinois",645814,8387,146225,3582,140483,3833,5742,1556,399713,5989,342603,6380,57110,4009,99876,3296,99264,3284,612,468
5001000US1801,1801,"Congressional District 1 (110th Congress), Indiana",693213,2958,176232,1209,161609,3074,14623,2889,430430,2264,349936,6136,80494,6479,86551,1291,86008,1308,543,319
5001000US1802,1802,"Congressional District 2 (110th Congress), Indiana",656474,6478,163867,3745,144831,4457,19036,3060,407320,4528,324325,6256,82995,4972,85287,3071,84583,3058,704,463
5001000US1803,1803,"Congressional District 3 (110th Congress), Indiana",711082,7787,196072,3029,163363,5697,32709,4700,435004,4719,348542,5799,86462,5194,80006,5372,77397,5452,2609,1009
5001000US1804,1804,"Congressional District 4 (110th Congress), Indiana",766203,7782,189438,4216,175607,4449,13831,2139,489643,5370,419536,6142,70107,5143,87122,2309,86526,2287,596,342
5001000US1805,1805,"Congressional District 5 (110th Congress), Indiana",790477,9939,210949,5460,197265,5333,13684,2676,489875,6740,430849,7756,59026,4422,89653,3364,89226,3294,427,271
5001000US1806,1806,"Congressional District 6 (110th Congress), Indiana",659477,6994,155865,3140,136006,4678,19859,3155,408494,4379,327866,6274,80628,4927,95118,2038,94423,1974,695,508
5001000US1807,1807,"Congressional District 7 (110th Congress), Indiana",636652,10417,171574,4870,152578,5919,18996,3892,402835,6418,307541,7122,95294,5290,62243,3546,61981,3562,262,193
5001000US1808,1808,"Congressional District 8 (110th Congress), Indiana",664460,5073,153797,2391,140018,3943,13779,2752,418635,3772,342180,5523,76455,5232,92028,2248,91320,2291,708,543
5001000US1809,1809,"Congressional District 9 (110th Congress), Indiana",693146,6696,162077,3090,148234,4151,13843,3172,442676,4452,369930,5640,72746,4366,88393,3102,88227,3080,166,150
5001000US1901,1901,"Congressional District 1 (110th Congress), Iowa",579446,3553,139026,1241,131345,2212,7681,2197,357693,2761,313816,4212,43877,3508,82727,1969,82435,1956,292,335
5001000US1902,1902,"Congressional District 2 (110th Congress), Iowa",601770,3484,142009,1161,134019,1835,7990,1691,383213,2072,335188,3830,48025,3650,76548,2238,75567,2213,981,596
5001000US1903,1903,"Congressional District 3 (110th Congress), Iowa",629403,3831,162168,1174,154244,2674,7924,2466,389696,2469,346626,3699,43070,3298,77539,2247,77077,2236,462,382
5001000US1904,1904,"Congressional District 4 (110th Congress), Iowa",585371,4054,130133,1776,121585,2490,8548,1898,367734,3200,324604,4390,43130,3771,87504,2851,87219,2806,285,282
5001000US1905,1905,"Congressional District 5 (110th Congress), Iowa",555478,4078,134915,1108,127401,2015,7514,1810,331702,2673,283607,3922,48095,3533,88861,3484,88323,3499,538,278
5001000US2001,2001,"Congressional District 1 (110th Congress), Kansas",630977,4782,157168,1642,141837,2747,15331,2098,376534,3043,310595,5978,65939,4697,97275,2764,96480,2953,795,400
5001000US2002,2002,"Congressional District 2 (110th Congress), Kansas",677085,6987,165467,2264,150127,3242,15340,2600,423950,5411,362512,5955,61438,4492,87668,2511,87252,2539,416,513
5001000US2003,2003,"Congressional District 3 (110th Congress), Kansas",747522,3982,192512,1862,177886,3081,14626,2917,480557,3564,408312,5807,72245,5263,74453,1452,73456,1441,997,568
5001000US2004,2004,"Congressional District 4 (110th Congress), Kansas",683162,4078,183076,1420,170663,2867,12413,2356,416686,2880,343422,5071,73264,4560,83400,2620,82875,2630,525,305
5001000US2101,2101,"Congressional District 1 (110th Congress), Kentucky",660911,7454,157583,3215,142808,4185,14775,2686,404265,5489,313122,6626,91143,4766,99063,2502,98426,2536,637,409
5001000US2102,2102,"Congressional District 2 (110th Congress), Kentucky",730561,7894,182900,3629,168083,4622,14817,3431,460889,5606,375137,7758,85752,6117,86772,2218,86305,2229,467,276
5001000US2103,2103,"Congressional District 3 (110th Congress), Kentucky",682444,4937,163095,2487,156302,2824,6793,1690,428333,2645,363960,5041,64373,4489,91016,1972,90140,2057,876,520
5001000US2104,2104,"Congressional District 4 (110th Congress), Kentucky",715003,5647,178560,2453,169382,3490,9178,2123,454763,3888,381129,5517,73634,4811,81680,2563,81373,2532,307,248
5001000US2105,2105,"Congressional District 5 (110th Congress), Kentucky",664178,6657,154189,2634,143053,3437,11136,2253,418585,5120,303843,6793,114742,5948,91404,2712,91158,2760,246,220
5001000US2106,2106,"Congressional District 6 (110th Congress), Kentucky",734742,6858,168119,3205,154845,3984,13274,2721,478892,4491,391615,7161,87277,5974,87731,2640,87026,2639,705,465
5001000US2201,2201,"Congressional District 1 (110th Congress), Louisiana",660976,9535,159100,4503,148127,4442,10973,2728,414522,7231,316956,7508,97566,6040,87354,3276,86634,3079,720,557
5001000US2202,2202,"Congressional District 2 (110th Congress), Louisiana",465993,8651,110013,4169,98076,5169,11937,3078,305003,6331,217172,7710,87831,6184,50977,2505,49680,2495,1297,889
5001000US2203,2203,"Congressional District 3 (110th Congress), Louisiana",613882,7607,164143,2431,151195,3279,12948,2603,382208,6187,296271,7369,85937,5282,67531,2586,67054,2610,477,307
5001000US2204,2204,"Congressional District 4 (110th Congress), Louisiana",623722,4295,165642,1774,154197,2763,11445,2348,375969,3052,277475,5457,98494,5165,82111,2248,81723,2189,388,233
5001000US2205,2205,"Congressional District 5 (110th Congress), Louisiana",613317,6397,160593,2201,141244,3575,19349,2663,374563,4668,267346,6623,107217,5332,78161,2588,75914,2573,2247,785
5001000US2206,2206,"Congressional District 6 (110th Congress), Louisiana",684443,6316,176112,2615,168472,2775,7640,1992,440052,4441,341687,5880,98365,4838,68279,1747,67760,1761,519,265
5001000US2207,2207,"Congressional District 7 (110th Congress), Louisiana",650558,3669,170003,1487,158708,2708,11295,2184,403561,2468,303606,5418,99955,5093,76994,2057,76460,2077,534,279
5001000US2301,2301,"Congressional District 1 (110th Congress), Maine",659097,4056,140817,1651,131823,2653,8994,2330,421929,3166,367529,4803,54400,3831,96351,1605,95423,1639,928,542
5001000US2302,2302,"Congressional District 2 (110th Congress), Maine",640191,4042,133753,1996,122491,2551,11262,2077,411643,2999,345432,5046,66211,4185,94795,1935,94457,1911,338,156
5001000US2401,2401,"Congressional District 1 (110th Congress), Maryland",706950,10043,164180,4344,157737,4061,6443,1582,441251,7725,380455,8073,60796,5059,101519,3788,101022,3761,497,361
5001000US2402,2402,"Congressional District 2 (110th Congress), Maryland",689887,14234,169799,6665,160516,6469,9283,2027,443141,10742,373695,9284,69446,4610,76947,3824,76326,3789,621,429
5001000US2403,2403,"Congressional District 3 (110th Congress), Maryland",670090,13399,151082,7110,142861,6623,8221,2737,435200,8933,382719,9878,52481,4847,83808,3945,82165,4029,1643,833
5001000US2404,2404,"Congressional District 4 (110th Congress), Maryland",673360,13711,171715,6366,159952,6324,11763,2239,440929,9416,359266,9043,81663,5866,60716,3406,58533,3293,2183,1160
5001000US2405,2405,"Congressional District 5 (110th Congress), Maryland",728220,12652,187870,5570,178704,5633,9166,1725,468954,8778,411970,8028,56984,5179,71396,3031,70520,3022,876,411
5001000US2406,2406,"Congressional District 6 (110th Congress), Maryland",718467,7561,174728,3446,166252,3747,8476,2115,452257,4673,394114,6102,58143,4702,91482,2927,90467,2898,1015,459
5001000US2407,2407,"Congressional District 7 (110th Congress), Maryland",645225,12405,155891,6241,147905,6369,7986,1740,411576,9668,343463,8566,68113,6116,77758,3198,75311,3388,2447,1039
5001000US2408,2408,"Congressional District 8 (110th Congress), Maryland",697814,11947,163731,5316,154717,5123,9014,2292,444037,8600,362056,7767,81981,6980,90046,2975,88154,3037,1892,722
5001000US2501,2501,"Congressional District 1 (110th Congress), Massachusetts",626494,10897,133396,5126,130181,4892,3215,1114,409221,7003,388063,7487,21158,3179,83877,3108,83508,3080,369,321
5001000US2502,2502,"Congressional District 2 (110th Congress), Massachusetts",655773,12350,156824,6302,153694,6493,3130,1110,421733,8379,399838,8145,21895,3022,77216,3009,77105,3026,111,134
5001000US2503,2503,"Congressional District 3 (110th Congress), Massachusetts",631114,13189,150461,6034,147899,6103,2562,1082,404285,9819,386178,9623,18107,3047,76368,3564,75847,3484,521,380
5001000US2504,2504,"Congressional District 4 (110th Congress), Massachusetts",662549,16244,150417,6142,147900,6417,2517,1375,431146,12813,410342,12077,20804,2915,80986,3225,80414,3133,572,432
5001000US2505,2505,"Congressional District 5 (110th Congress), Massachusetts",638125,13854,164868,7044,162776,7017,2092,941,404385,10190,383741,10097,20644,2868,68872,4283,68019,4369,853,494
5001000US2506,2506,"Congressional District 6 (110th Congress), Massachusetts",637856,10070,146802,5137,143525,5327,3277,1439,401100,6772,381845,6360,19255,3129,89954,3706,89397,3666,557,501
5001000US2507,2507,"Congressional District 7 (110th Congress), Massachusetts",648545,13331,137945,7183,135814,7399,2131,1193,419431,9906,392785,9794,26646,4143,91169,3662,90338,3651,831,670
5001000US2508,2508,"Congressional District 8 (110th Congress), Massachusetts",642920,13126,112551,5295,109056,5101,3495,1284,474275,9849,437837,9474,36438,3939,56094,2754,54704,2832,1390,592
5001000US2509,2509,"Congressional District 9 (110th Congress), Massachusetts",624616,14430,145779,6638,142338,6693,3441,1101,398043,10042,377920,10651,20123,3923,80794,3103,80405,3088,389,338
5001000US2510,2510,"Congressional District 10 (110th Congress), Massachusetts",630795,9316,127625,4303,123705,4351,3920,1401,396469,6988,373545,7025,22924,3309,106701,3544,106554,3560,147,211
5001000US2601,2601,"Congressional District 1 (110th Congress), Michigan",635924,3347,129506,1818,122315,2300,7191,1349,389748,3051,317466,4254,72282,3405,116670,2256,116272,2229,398,249
5001000US2602,2602,"Congressional District 2 (110th Congress), Michigan",684179,6521,171743,2448,166101,2743,5642,1226,423187,4566,359459,5840,63728,4791,89249,1928,88996,1917,253,177
5001000US2603,2603,"Congressional District 3 (110th Congress), Michigan",685965,4782,181057,2577,170589,3639,10468,2440,433287,2936,367179,5164,66108,4744,71621,1480,71027,1573,594,403
5001000US2604,2604,"Congressional District 4 (110th Congress), Michigan",666557,8297,148996,3078,140707,3259,8289,1477,417337,7154,346280,5903,71057,4418,100224,2377,99973,2373,251,148
5001000US2605,2605,"Congressional District 5 (110th Congress), Michigan",628452,5107,156722,3111,150255,3576,6467,2418,389225,3296,332740,4422,56485,3937,82505,1575,82420,1578,85,102
5001000US2606,2606,"Congressional District 6 (110th Congress), Michigan",668725,4163,162982,1877,153039,2633,9943,1776,420572,3136,344730,5707,75842,5366,85171,1333,84865,1384,306,202
5001000US2607,2607,"Congressional District 7 (110th Congress), Michigan",662892,5918,158944,2561,152933,2838,6011,1032,415083,4238,352463,5673,62620,4703,88865,2200,88439,2239,426,249
5001000US2608,2608,"Congressional District 8 (110th Congress), Michigan",699297,8295,167312,3921,160920,3909,6392,1609,460517,6677,402853,8014,57664,4528,71468,2160,70701,2214,767,568
5001000US2609,2609,"Congressional District 9 (110th Congress), Michigan",653549,11926,152007,5756,144678,5928,7329,2012,414144,8821,363067,8974,51077,4970,87398,3358,87054,3361,344,214
5001000US2610,2610,"Congressional District 10 (110th Congress), Michigan",718360,8757,174331,4331,166272,4551,8059,1914,453346,6099,390353,6267,62993,4163,90683,3036,90379,3094,304,342
5001000US2611,2611,"Congressional District 11 (110th Congress), Michigan",725473,16390,182071,8673,172860,8728,9211,1715,463774,11077,400869,9779,62905,5169,79628,3873,78905,3860,723,516
5001000US2612,2612,"Congressional District 12 (110th Congress), Michigan",615761,13734,134760,6878,126011,6854,8749,2171,392922,9042,326562,8851,66360,6054,88079,3296,87517,3332,562,474
5001000US2613,2613,"Congressional District 13 (110th Congress), Michigan",551600,17642,154013,7870,143155,7863,10858,2064,341835,12436,254343,9318,87492,7173,55752,3040,55520,3034,232,229
5001000US2614,2614,"Congressional District 14 (110th Congress), Michigan",587649,17142,154921,8143,144161,7587,10760,2519,354597,11511,270577,8995,84020,7093,78131,3709,77051,3766,1080,571
5001000US2615,2615,"Congressional District 15 (110th Congress), Michigan",681756,12526,159145,5359,150408,5136,8737,2489,452398,9228,392133,7654,60265,5814,70213,3425,69560,3394,653,407
5001000US2701,2701,"Congressional District 1 (110th Congress), Minnesota",623570,3134,144719,1068,135498,1770,9221,1672,387249,2989,349153,4003,38096,2784,91602,1961,91109,1917,493,284
5001000US2702,2702,"Congressional District 2 (110th Congress), Minnesota",718335,5339,195713,2640,186456,3124,9257,1657,463026,3466,426531,4562,36495,3745,59596,2135,58989,2081,607,384
5001000US2703,2703,"Congressional District 3 (110th Congress), Minnesota",660443,11964,171978,4681,164567,4895,7411,2130,416900,9333,380674,8088,36226,3899,71565,3016,71479,3012,86,100
5001000US2704,2704,"Congressional District 4 (110th Congress), Minnesota",596200,5746,144112,2600,134591,3343,9521,2164,379540,4058,333715,5066,45825,3845,72548,1795,72042,1795,506,348
5001000US2705,2705,"Congressional District 5 (110th Congress), Minnesota",582238,10532,121572,4351,110207,4754,11365,2524,401002,8487,335693,6637,65309,5441,59664,3053,58892,3040,772,439
5001000US2706,2706,"Congressional District 6 (110th Congress), Minnesota",733715,7501,193855,3323,185651,3879,8204,1968,479650,5162,436015,6164,43635,3653,60210,2400,60076,2387,134,117
5001000US2707,2707,"Congressional District 7 (110th Congress), Minnesota",600597,5029,137236,1580,126381,2028,10855,1547,366957,3995,320951,3944,46006,3172,96404,2811,95990,2826,414,196
5001000US2708,2708,"Congressional District 8 (110th Congress), Minnesota",635519,3675,138856,1252,126061,2181,12795,1778,397853,2283,344935,4632,52918,3861,98810,2328,98239,2320,571,344
5001000US2801,2801,"Congressional District 1 (110th Congress), Mississippi",771141,5441,203303,2041,180236,4025,23067,3675,470331,3555,368562,6616,101769,6279,97507,2837,97264,2864,243,208
5001000US2802,2802,"Congressional District 2 (110th Congress), Mississippi",653215,7733,179849,3575,153259,5825,26590,4177,399385,4944,295032,6607,104353,5944,73981,2697,72691,2525,1290,618
5001000US2803,2803,"Congressional District 3 (110th Congress), Mississippi",730950,8414,188910,3767,169943,5055,18967,3010,449947,4868,354911,6731,95036,6449,92093,3632,91469,3641,624,560
5001000US2804,2804,"Congressional District 4 (110th Congress), Mississippi",712213,5697,190825,2106,162781,4483,28044,4243,435881,4224,324433,6773,111448,6340,85507,2830,84675,2771,832,545
5001000US2901,2901,"Congressional District 1 (110th Congress), Missouri",582343,11888,143324,5729,134501,5927,8823,2062,365031,7655,294270,8367,70761,5366,73988,3567,73145,3568,843,447
5001000US2902,2902,"Congressional District 2 (110th Congress), Missouri",686137,11309,173322,5128,165935,5381,7387,1920,431316,7154,390705,8112,40611,4038,81499,3501,81211,3481,288,221
5001000US2903,2903,"Congressional District 3 (110th Congress), Missouri",640927,10502,148196,5438,139224,6018,8972,2147,415903,6799,358576,7481,57327,4444,76828,2638,76558,2591,270,240
5001000US2904,2904,"Congressional District 4 (110th Congress), Missouri",632855,7493,157613,3649,145183,3772,12430,1881,382875,4989,304590,6476,78285,4175,92367,2178,91725,2219,642,461
5001000US2905,2905,"Congressional District 5 (110th Congress), Missouri",625284,7062,156074,4050,140876,4717,15198,3722,390552,4008,309129,5907,81423,5206,78658,1606,77891,1655,767,492
5001000US2906,2906,"Congressional District 6 (110th Congress), Missouri",666053,8140,165197,3109,156274,3144,8923,1584,419791,4858,355646,5975,64145,4258,81065,3972,80444,3973,621,440
5001000US2907,2907,"Congressional District 7 (110th Congress), Missouri",691586,4599,168380,1748,149301,3500,19079,2750,429484,2964,331772,5496,97712,4645,93722,2854,93006,2871,716,446
5001000US2908,2908,"Congressional District 8 (110th Congress), Missouri",617553,6582,148169,2181,138756,2627,9413,1711,372818,5395,279158,6253,93660,4858,96566,2523,96361,2529,205,147
5001000US2909,2909,"Congressional District 9 (110th Congress), Missouri",652426,7493,158067,3560,147026,4251,11041,2149,411802,4595,346356,6026,65446,5237,82557,2642,81977,2595,580,330
5001000US3000,3000,"Congressional District (at Large) (110th Congress), Montana",950414,1527,221829,1806,189720,3686,32109,3443,599132,2157,456810,6770,142322,6619,129453,943,128263,990,1190,426
5001000US3101,3101,"Congressional District 1 (110th Congress), Nebraska",602989,4254,149227,1962,140692,2695,8535,1603,379996,2969,328805,4905,51191,4246,73766,2340,73537,2317,229,169
5001000US3102,3102,"Congressional District 2 (110th Congress), Nebraska",607460,3434,166885,1485,156000,2721,10885,2291,379874,2594,322280,4686,57594,4627,60701,1418,60230,1451,471,304
5001000US3103,3103,"Congressional District 3 (110th Congress), Nebraska",539400,3689,128691,1713,117541,2381,11150,1649,321692,2580,267765,4020,53927,3097,89017,2431,88589,2428,428,321
5001000US3201,3201,"Congressional District 1 (110th Congress), Nevada",812033,18951,233075,8739,175948,8693,57127,5786,501182,13494,350687,11861,150495,8410,77776,3995,75648,3924,2128,783
5001000US3202,3202,"Congressional District 2 (110th Congress), Nevada",798050,8940,197404,4804,156423,5589,40981,4345,497100,5382,369006,7884,128094,7718,103546,1679,102263,1699,1283,646
5001000US3203,3203,"Congressional District 3 (110th Congress), Nevada",958028,19995,236458,8594,199597,8286,36861,5005,611789,13865,483111,13270,128678,8076,109781,3875,107729,3867,2052,734
5001000US3301,3301,"Congressional District 1 (110th Congress), New Hampshire",650966,8067,146993,3616,140065,4138,6928,1967,425930,5848,362265,6923,63665,5364,78043,2967,77803,2977,240,188
5001000US3302,3302,"Congressional District 2 (110th Congress), New Hampshire",648390,7971,145599,3630,137574,4121,8025,1566,421475,5801,360552,5933,60923,4153,81316,3105,80788,3082,528,402
5001000US3401,3401,"Congressional District 1 (110th Congress), New Jersey",668908,8847,161320,3843,150031,4570,11289,2630,428512,6072,359822,6225,68690,5126,79076,2375,77856,2471,1220,616
5001000US3402,3402,"Congressional District 2 (110th Congress), New Jersey",666668,7174,160735,3292,149445,4378,11290,2784,412784,4396,351167,6725,61617,5271,93149,2181,91974,2113,1175,798
5001000US3403,3403,"Congressional District 3 (110th Congress), New Jersey",665991,9684,146571,4667,139038,4691,7533,2335,406080,6494,353734,6991,52346,4695,113340,3704,112867,3755,473,412
5001000US3404,3404,"Congressional District 4 (110th Congress), New Jersey",704383,12057,175901,6208,167000,5612,8901,2477,423110,9479,363313,8966,59797,5632,105372,3516,105028,3494,344,265
5001000US3405,3405,"Congressional District 5 (110th Congress), New Jersey",662856,13591,162037,5675,153489,5839,8548,1798,418868,9341,373558,8158,45310,5562,81951,3469,80617,3379,1334,737
5001000US3406,3406,"Congressional District 6 (110th Congress), New Jersey",646612,13141,147745,6018,133175,5361,14570,3417,425948,9243,344160,9098,81788,6223,72919,3531,71416,3369,1503,665
5001000US3407,3407,"Congressional District 7 (110th Congress), New Jersey",673465,12899,165175,5761,158887,5446,6288,1947,422894,9280,382176,8317,40718,4443,85396,3106,83526,2932,1870,1150
5001000US3408,3408,"Congressional District 8 (110th Congress), New Jersey",640559,10853,163489,5248,148084,5651,15405,3195,399414,7044,304766,7367,94648,5596,77656,2955,75657,2999,1999,1003
5001000US3409,3409,"Congressional District 9 (110th Congress), New Jersey",636008,14221,132681,5776,120365,5582,12316,2441,413331,10445,332512,10784,80819,7319,89996,3779,87695,3776,2301,946
5001000US3410,3410,"Congressional District 10 (110th Congress), New Jersey",620912,13600,165690,6052,148058,6584,17632,3052,391694,9404,287725,9220,103969,6782,63528,2857,60165,2717,3363,1030
5001000US3411,3411,"Congressional District 11 (110th Congress), New Jersey",654976,7750,156492,3261,151268,3886,5224,1869,413293,5444,376100,5658,37193,4475,85191,2311,83735,2205,1456,772
5001000US3412,3412,"Congressional District 12 (110th Congress), New Jersey",681860,14858,162558,6788,155132,6748,7426,2173,428921,11654,391690,10824,37231,4416,90381,3579,89031,3645,1350,585
5001000US3413,3413,"Congressional District 13 (110th Congress), New Jersey",634081,14777,144940,6592,123642,5646,21298,3977,425817,10149,299634,9785,126183,8040,63324,3396,61127,3397,2197,722
5001000US3501,3501,"Congressional District 1 (110th Congress), New Mexico",669061,5832,166629,2924,144145,4462,22484,3393,417318,4198,318924,5981,98394,5685,85114,1660,81688,2125,3426,1307
5001000US3502,3502,"Congressional District 2 (110th Congress), New Mexico",630275,6833,166511,3699,149441,4546,17070,2376,374044,4646,255764,5288,118280,4906,89720,2435,87620,2588,2100,741
5001000US3503,3503,"Congressional District 3 (110th Congress), New Mexico",652530,8188,167854,4154,138875,5103,28979,3815,403419,5409,278630,6868,124789,6125,81257,1988,78275,2021,2982,727
5001000US3601,3601,"Congressional District 1 (110th Congress), New York",703335,16653,170390,6444,161550,6472,8840,2604,439139,12090,379025,11301,60114,7565,93806,4570,92713,4448,1093,734
5001000US3602,3602,"Congressional District 2 (110th Congress), New York",681007,16063,166689,6766,157485,7047,9204,2209,434795,11460,373282,10785,61513,5965,79523,4203,77421,4177,2102,1197
5001000US3603,3603,"Congressional District 3 (110th Congress), New York",645899,15620,144068,6230,137721,6556,6347,1984,402212,11865,368987,11051,33225,4517,99619,4604,98911,4647,708,520
5001000US3604,3604,"Congressional District 4 (110th Congress), New York",664384,13761,152718,5841,143488,6489,9230,2339,423524,10606,356738,8927,66786,5444,88142,3584,87368,3544,774,473
5001000US3605,3605,"Congressional District 5 (110th Congress), New York",661748,17986,142615,7326,136078,7225,6537,1538,424295,13192,314708,10422,109587,9109,94838,4671,92938,4652,1900,858
5001000US3606,3606,"Congressional District 6 (110th Congress), New York",680462,15264,166167,6451,155863,6794,10304,2072,436565,10856,349617,9334,86948,6449,77730,3462,74320,3515,3410,869
5001000US3607,3607,"Congressional District 7 (110th Congress), New York",690597,18669,155224,7834,143731,7827,11493,2365,450684,14250,333425,11173,117259,8550,84689,4509,82367,4457,2322,1114
5001000US3608,3608,"Congressional District 8 (110th Congress), New York",717378,19737,141339,8294,137726,7785,3613,1426,478555,15988,420042,13884,58513,5819,97484,4705,96036,4652,1448,596
5001000US3609,3609,"Congressional District 9 (110th Congress), New York",675213,18692,143511,8335,138098,8513,5413,1659,416348,12027,358359,10734,57989,5022,115354,5679,113120,5552,2234,998
5001000US3610,3610,"Congressional District 10 (110th Congress), New York",693809,19296,201461,10199,190307,9950,11154,2400,425139,12972,353407,10870,71732,6350,67209,3772,65921,3744,1288,477
5001000US3611,3611,"Congressional District 11 (110th Congress), New York",661276,18404,152005,8491,145613,8113,6392,1512,439246,11982,351213,9956,88033,7613,70025,4609,68090,4646,1935,679
5001000US3612,3612,"Congressional District 12 (110th Congress), New York",678915,18868,154949,8722,144551,8190,10398,2388,454562,13104,338518,11165,116044,8415,69404,4210,67329,4128,2075,857
5001000US3613,3613,"Congressional District 13 (110th Congress), New York",694360,11901,155151,5194,148417,5372,6734,2037,445387,8075,386853,8160,58534,5151,93822,3021,92643,2996,1179,578
5001000US3614,3614,"Congressional District 14 (110th Congress), New York",652363,16210,92554,7067,89634,7108,2920,1115,467358,12787,409893,12057,57465,5712,92451,3922,90609,3917,1842,725
5001000US3615,3615,"Congressional District 15 (110th Congress), New York",655706,14989,148480,5300,136533,6459,11947,3920,431406,12668,338053,12045,93353,7404,75820,2902,73337,2992,2483,1028
5001000US3616,3616,"Congressional District 16 (110th Congress), New York",661515,13571,216800,7155,199519,7582,17281,2664,399023,8543,285681,8970,113342,7294,45692,2339,44747,2426,945,511
5001000US3617,3617,"Congressional District 17 (110th Congress), New York",672420,18001,171489,7517,159404,7174,12085,2800,415335,12460,332215,11484,83120,7992,85596,4882,83690,4922,1906,767
5001000US3618,3618,"Congressional District 18 (110th Congress), New York",665597,13440,159531,5362,149650,5117,9881,2198,409604,9432,346310,8376,63294,6234,96462,5184,95298,5049,1164,591
5001000US3619,3619,"Congressional District 19 (110th Congress), New York",684796,11892,173966,6545,164183,6639,9783,2697,432492,8569,379198,7754,53294,5284,78338,3531,77584,3540,754,516
5001000US3620,3620,"Congressional District 20 (110th Congress), New York",666016,8520,142676,3730,131641,4049,11035,2057,430401,6323,373044,7306,57357,4736,92939,2860,92343,2798,596,374
5001000US3621,3621,"Congressional District 21 (110th Congress), New York",644474,6259,137611,2384,129162,3095,8449,2350,418166,4326,371957,5830,46209,4346,88697,2973,87605,2836,1092,685
5001000US3622,3622,"Congressional District 22 (110th Congress), New York",653629,11015,139264,5075,128837,5301,10427,1969,430978,7731,355104,8335,75874,5224,83387,2575,83036,2593,351,275
5001000US3623,3623,"Congressional District 23 (110th Congress), New York",632883,5554,139604,2088,130259,2945,9345,2001,409267,4114,355132,5484,54135,3478,84012,2717,83404,2759,608,364
5001000US3624,3624,"Congressional District 24 (110th Congress), New York",625376,8857,134424,3456,125285,3910,9139,1556,397360,6710,340944,7345,56416,4270,93592,2851,93205,2874,387,246
5001000US3625,3625,"Congressional District 25 (110th Congress), New York",649197,6153,149204,2885,140843,3279,8361,2045,411989,4556,363849,5358,48140,4859,88004,2298,86829,2349,1175,700
5001000US3626,3626,"Congressional District 26 (110th Congress), New York",638118,11334,135653,5947,131331,5895,4322,1134,412526,8022,378696,8493,33830,3205,89939,3544,89456,3473,483,356
5001000US3627,3627,"Congressional District 27 (110th Congress), New York",617311,10202,135084,4721,128795,4548,6289,1670,388353,7105,342975,6974,45378,3749,93874,3114,93563,3126,311,230
5001000US3628,3628,"Congressional District 28 (110th Congress), New York",589877,13197,136013,6157,127735,6085,8278,1950,378376,10036,326275,9612,52101,5212,75488,3683,74361,3660,1127,744
5001000US3629,3629,"Congressional District 29 (110th Congress), New York",649396,8818,143543,3833,133588,4095,9955,2087,412174,7134,366865,7823,45309,3813,93679,2636,93177,2681,502,425
5001000US3701,3701,"Congressional District 1 (110th Congress), North Carolina",582282,10801,141282,4802,127732,5527,13550,2720,355589,7777,277414,7967,78175,4942,85411,3000,84369,3001,1042,444
5001000US3702,3702,"Congressional District 2 (110th Congress), North Carolina",707417,13537,189479,6192,165987,5712,23492,3530,448152,8979,337482,7853,110670,6579,69786,2381,68689,2219,1097,724
5001000US3703,3703,"Congressional District 3 (110th Congress), North Carolina",636944,10696,167002,4718,152138,4888,14864,2536,388605,7944,311642,7351,76963,5130,81337,2802,81223,2798,114,126
5001000US3704,3704,"Congressional District 4 (110th Congress), North Carolina",786748,11504,204083,5087,192042,5281,12041,2190,517242,7871,449135,8647,68107,6198,65423,3112,64118,2964,1305,681
5001000US3705,3705,"Congressional District 5 (110th Congress), North Carolina",675616,9575,154442,4839,141991,5391,12451,2278,427337,6431,344929,6996,82408,6186,93837,2704,93193,2796,644,445
5001000US3706,3706,"Congressional District 6 (110th Congress), North Carolina",684972,12358,162738,4942,145864,4695,16874,2982,427668,8266,343796,7800,83872,6110,94566,3018,93853,2963,713,478
5001000US3707,3707,"Congressional District 7 (110th Congress), North Carolina",691339,9161,166489,4528,146742,5424,19747,3117,429923,6252,311957,7918,117966,6563,94927,2267,94381,2285,546,357
5001000US3708,3708,"Congressional District 8 (110th Congress), North Carolina",652441,12408,175065,5876,155296,6344,19769,3284,407828,8360,309318,8198,98510,7140,69548,3120,69012,3169,536,308
5001000US3709,3709,"Congressional District 9 (110th Congress), North Carolina",843428,13854,229111,6407,209809,6509,19302,3319,534530,8997,455845,8884,78685,5889,79787,3027,78491,3102,1296,709
5001000US3710,3710,"Congressional District 10 (110th Congress), North Carolina",672086,8095,158496,3868,146793,4605,11703,2528,420502,5420,322597,8044,97905,6516,93088,2913,92429,2931,659,362
5001000US3711,3711,"Congressional District 11 (110th Congress), North Carolina",658096,6104,137870,2558,122766,3121,15104,2861,402212,4431,302540,6497,99672,5754,118014,2980,117560,2984,454,318
5001000US3712,3712,"Congressional District 12 (110th Congress), North Carolina",694217,17259,178695,7541,155444,8106,23251,4321,446249,11577,333941,9540,112308,6718,69273,3006,68649,2976,624,448
5001000US3713,3713,"Congressional District 13 (110th Congress), North Carolina",718856,14348,172542,6111,155295,5887,17247,3194,474507,10006,374869,8848,99638,7165,71807,3069,71127,2973,680,411
5001000US3800,3800,"Congressional District (at Large) (110th Congress), North Dakota",623970,1057,140900,873,129988,2093,10912,1977,396501,1426,342303,3883,54198,3816,86569,548,86018,590,551,369
5001000US3901,3901,"Congressional District 1 (110th Congress), Ohio",615902,10116,150984,4545,136842,4529,14142,2789,387206,8227,319982,7898,67224,4814,77712,3127,77144,3057,568,387
5001000US3902,3902,"Congressional District 2 (110th Congress), Ohio",676137,11338,169416,5973,157666,5808,11750,2355,422549,7870,361845,7817,60704,4639,84172,3432,83284,3402,888,597
5001000US3903,3903,"Congressional District 3 (110th Congress), Ohio",622132,8435,154526,4512,142498,4367,12028,3344,383139,4511,320343,5116,62796,5036,84467,3562,83462,3518,1005,576
5001000US3904,3904,"Congressional District 4 (110th Congress), Ohio",611600,3533,148329,1149,139762,1850,8567,1628,376608,2479,316000,4850,60608,4553,86663,2109,85988,2039,675,553
5001000US3905,3905,"Congressional District 5 (110th Congress), Ohio",620110,5569,145959,2310,137666,2648,8293,1820,388555,3054,340616,4073,47939,3466,85596,2987,85337,2985,259,242
5001000US3906,3906,"Congressional District 6 (110th Congress), Ohio",595615,7036,126968,3413,119919,3744,7049,1536,377251,5173,310628,5848,66623,4001,91396,3590,90717,3541,679,345
5001000US3907,3907,"Congressional District 7 (110th Congress), Ohio",661143,7780,167714,4150,154939,4005,12775,2966,411185,5273,349030,6410,62155,3970,82244,2068,81679,2113,565,368
5001000US3908,3908,"Congressional District 8 (110th Congress), Ohio",644665,7507,160585,4057,149845,4581,10740,2398,405217,4954,345938,5548,59279,4156,78863,2408,78105,2453,758,429
5001000US3909,3909,"Congressional District 9 (110th Congress), Ohio",611863,6045,148933,2745,139647,3080,9286,2116,381926,4462,322291,5934,59635,4807,81004,1971,80473,1973,531,426
5001000US3910,3910,"Congressional District 10 (110th Congress), Ohio",587528,10890,133765,5682,126276,5754,7489,1987,366951,7492,308170,7231,58781,4885,86812,3262,85848,3149,964,569
5001000US3911,3911,"Congressional District 11 (110th Congress), Ohio",539478,9564,130483,4320,122712,4877,7771,2385,329221,6681,262345,7330,66876,4549,79774,2698,78392,2687,1382,658
5001000US3912,3912,"Congressional District 12 (110th Congress), Ohio",698646,12253,182507,6313,169658,6842,12849,2533,443818,8154,380935,7230,62883,4987,72321,2503,71388,2496,933,553
5001000US3913,3913,"Congressional District 13 (110th Congress), Ohio",633822,10985,152551,5392,142974,5656,9577,2472,394797,7661,333294,7807,61503,4182,86474,3334,85934,3275,540,310
5001000US3914,3914,"Congressional District 14 (110th Congress), Ohio",645905,8259,154772,3922,143123,4266,11649,2566,400538,5801,353197,6249,47341,4296,90595,2781,89720,2847,875,491
5001000US3915,3915,"Congressional District 15 (110th Congress), Ohio",661248,12973,163655,6810,151240,6984,12415,3035,436235,7979,371272,7795,64963,5973,61358,2641,60120,2631,1238,831
5001000US3916,3916,"Congressional District 16 (110th Congress), Ohio",646453,4483,154213,1969,141156,3241,13057,2897,401154,3676,336380,5871,64774,4777,91086,1902,89901,1984,1185,544
5001000US3917,3917,"Congressional District 17 (110th Congress), Ohio",593335,10073,129098,4668,121106,4954,7992,1831,379545,7117,313786,7422,65759,4641,84692,3012,83979,3034,713,444
5001000US3918,3918,"Congressional District 18 (110th Congress), Ohio",630618,7247,153090,3276,133419,4782,19671,3485,389579,4426,311949,6895,77630,5884,87949,2786,86108,2829,1841,709
5001000US4001,4001,"Congressional District 1 (110th Congress), Oklahoma",729262,4611,190729,1879,168561,3982,22168,3366,450886,3760,348271,6432,102615,6088,87647,2930,86343,2876,1304,655
5001000US4002,4002,"Congressional District 2 (110th Congress), Oklahoma",695384,6264,169524,2756,143225,3452,26299,2792,418228,4925,272498,6353,145730,5250,107632,2329,106712,2396,920,383
5001000US4003,4003,"Congressional District 3 (110th Congress), Oklahoma",688469,6424,169425,2510,147519,3710,21906,2618,423205,4690,323784,5820,99421,4557,95839,3316,95094,3418,745,417
5001000US4004,4004,"Congressional District 4 (110th Congress), Oklahoma",707275,8893,178623,3592,158917,3789,19706,3183,444170,6094,347472,6519,96698,5255,84482,2962,83934,2969,548,399
5001000US4005,4005,"Congressional District 5 (110th Congress), Oklahoma",729708,6006,194923,2664,168291,3693,26632,3024,444972,3894,318522,5391,126450,4910,89813,3096,88496,3082,1317,546
5001000US4101,4101,"Congressional District 1 (110th Congress), Oregon",787413,5211,194459,2427,175038,3543,19421,2727,510063,4314,425488,5722,84575,5357,82891,1566,81935,1658,956,499
5001000US4102,4102,"Congressional District 2 (110th Congress), Oregon",745231,3884,169861,1834,143589,3573,26272,3380,455451,2729,340207,5748,115244,5566,119919,2231,118323,2283,1596,711
5001000US4103,4103,"Congressional District 3 (110th Congress), Oregon",747248,10170,178633,4264,157647,4998,20986,4034,494864,7596,393740,7459,101124,6514,73751,2874,72477,2851,1274,690
5001000US4104,4104,"Congressional District 4 (110th Congress), Oregon",723856,4362,149150,2214,128497,3678,20653,2959,456773,3235,354748,6947,102025,6692,117933,2606,117066,2682,867,508
5001000US4105,4105,"Congressional District 5 (110th Congress), Oregon",742572,10095,173012,3711,149923,5147,23089,3713,473312,7056,377619,7406,95693,5707,96248,3860,95461,3825,787,464
5001000US4201,4201,"Congressional District 1 (110th Congress), Pennsylvania",601078,16979,166246,8873,150830,8733,15416,2997,367038,11472,285154,10435,81884,6548,67794,3788,66673,3853,1121,489
5001000US4202,4202,"Congressional District 2 (110th Congress), Pennsylvania",580750,15090,132575,6607,123691,6318,8884,2470,378284,12218,314282,10905,64002,5505,69891,3550,68788,3611,1103,537
5001000US4203,4203,"Congressional District 3 (110th Congress), Pennsylvania",620934,5879,137098,2502,129007,3112,8091,1625,391077,3799,338905,4768,52172,3385,92759,2793,92250,2824,509,313
5001000US4204,4204,"Congressional District 4 (110th Congress), Pennsylvania",640004,13031,139157,5039,134286,4959,4871,1413,391494,7547,350556,7399,40938,3656,109353,6818,108899,6808,454,290
5001000US4205,4205,"Congressional District 5 (110th Congress), Pennsylvania",622105,5937,125645,2589,117820,2947,7825,1936,399740,3768,347841,4878,51899,3571,96720,2991,96347,3004,373,210
5001000US4206,4206,"Congressional District 6 (110th Congress), Pennsylvania",689893,13110,164001,5950,157009,5964,6992,1957,440101,9924,399130,9119,40971,4107,85791,3756,85348,3751,443,348
5001000US4207,4207,"Congressional District 7 (110th Congress), Pennsylvania",658350,9085,154127,4709,147717,4812,6410,1795,410026,5741,374979,5567,35047,3882,94197,2941,93824,3000,373,268
5001000US4208,4208,"Congressional District 8 (110th Congress), Pennsylvania",657496,6244,148756,2801,143607,2963,5149,1413,419476,4423,385659,5413,33817,3663,89264,2530,88679,2583,585,394
5001000US4209,4209,"Congressional District 9 (110th Congress), Pennsylvania",641215,7641,141549,3325,129570,3587,11979,2363,397501,4982,337558,4835,59943,3576,102165,3522,101579,3548,586,352
5001000US4210,4210,"Congressional District 10 (110th Congress), Pennsylvania",634684,7490,135172,3076,126531,3921,8641,2303,394400,5568,340701,5666,53699,3613,105112,2997,104705,2975,407,229
5001000US4211,4211,"Congressional District 11 (110th Congress), Pennsylvania",657405,5447,139628,2259,131868,3138,7760,2082,414102,3992,356942,4667,57160,3757,103675,2843,103453,2856,222,217
5001000US4212,4212,"Congressional District 12 (110th Congress), Pennsylvania",599525,10856,120210,3906,114289,4149,5921,1544,373443,7680,319066,7481,54377,4612,105872,4282,105360,4230,512,351
5001000US4213,4213,"Congressional District 13 (110th Congress), Pennsylvania",654917,15863,161786,7161,151809,6471,9977,2539,399643,10502,355679,9812,43964,4007,93488,5157,92903,5146,585,348
5001000US4214,4214,"Congressional District 14 (110th Congress), Pennsylvania",568099,11405,110392,5043,105050,5679,5342,2558,366414,7868,316198,7527,50216,4348,91293,4633,90565,4587,728,429
5001000US4215,4215,"Congressional District 15 (110th Congress), Pennsylvania",701266,5010,163605,2307,154502,2816,9103,2703,438929,3866,386467,4756,52462,4110,98732,1953,98056,1993,676,427
5001000US4216,4216,"Congressional District 16 (110th Congress), Pennsylvania",690296,8822,176126,3361,151356,5518,24770,4697,423461,6503,361199,7304,62262,5955,90709,2063,88632,2273,2077,798
5001000US4217,4217,"Congressional District 17 (110th Congress), Pennsylvania",654446,6127,148043,2795,138304,3776,9739,2355,409142,4332,361021,5064,48121,3412,97261,2371,96612,2363,649,399
5001000US4218,4218,"Congressional District 18 (110th Congress), Pennsylvania",636840,12203,136276,4989,132340,4656,3936,1528,399136,8226,362236,7415,36900,3230,101428,5599,101209,5592,219,202
5001000US4219,4219,"Congressional District 19 (110th Congress), Pennsylvania",699924,6498,156671,1728,148826,2556,7845,2007,445479,6158,395463,6169,50016,4580,97774,1772,96286,1939,1488,855
5001000US4401,4401,"Congressional District 1 (110th Congress), Rhode Island",509644,11007,108814,4660,102144,4453,6670,1668,328860,8373,280211,7912,48649,5094,71970,2197,71435,2228,535,397
5001000US4402,4402,"Congressional District 2 (110th Congress), Rhode Island",520640,9843,119258,4499,113002,4509,6256,1934,332908,7180,287794,7420,45114,4020,68474,2404,67873,2396,601,426
5001000US4501,4501,"Congressional District 1 (110th Congress), South Carolina",805770,8733,191273,4395,161488,5138,29785,4083,504477,6806,381671,8452,122806,6764,110020,2055,108331,1942,1689,744
5001000US4502,4502,"Congressional District 2 (110th Congress), South Carolina",747707,10920,191214,4687,171942,4814,19272,3084,459035,7231,366661,7279,92374,5767,97458,2888,96979,2905,479,315
5001000US4503,4503,"Congressional District 3 (110th Congress), South Carolina",682392,7109,156316,3496,139242,3943,17074,2973,424244,4839,334147,6613,90097,5758,101832,2023,100853,2083,979,663
5001000US4504,4504,"Congressional District 4 (110th Congress), South Carolina",744523,5134,182207,1768,155104,3762,27103,3698,470386,2809,366641,6305,103745,6276,91930,2874,91130,2865,800,459
5001000US4505,4505,"Congressional District 5 (110th Congress), South Carolina",726708,5764,182341,3135,165825,4086,16516,2621,454372,3744,350925,6012,103447,6158,89995,2490,89273,2502,722,488
5001000US4506,4506,"Congressional District 6 (110th Congress), South Carolina",666290,12469,161079,6522,137175,5850,23904,3816,422100,8640,312972,9179,109128,5956,83111,3490,82006,3536,1105,487
5001000US4600,4600,"Congressional District (at Large) (110th Congress), South Dakota",783531,1162,196191,1338,179673,2217,16518,2210,479108,1909,404653,5172,74455,5000,108232,757,107535,789,697,348
5001000US4701,4701,"Congressional District 1 (110th Congress), Tennessee",661645,5297,141908,2104,131561,2859,10347,2013,415870,3424,321826,6133,94044,5707,103867,2879,103122,2889,745,371
5001000US4702,4702,"Congressional District 2 (110th Congress), Tennessee",709943,4919,159016,2227,148495,3169,10521,2376,453533,3602,380532,5753,73001,5696,97394,1413,96676,1460,718,462
5001000US4703,4703,"Congressional District 3 (110th Congress), Tennessee",677972,6382,152831,2582,142649,3228,10182,2561,427404,4328,347099,6674,80305,5318,97737,2442,97293,2413,444,303
5001000US4704,4704,"Congressional District 4 (110th Congress), Tennessee",666026,8575,155069,3726,144042,4075,11027,2189,408088,5611,321114,6672,86974,6249,102869,3226,101681,3284,1188,670
5001000US4705,4705,"Congressional District 5 (110th Congress), Tennessee",690317,5956,166363,2837,150863,4276,15500,3017,449933,4100,369456,6285,80477,5057,74021,2055,73365,2131,656,594
5001000US4706,4706,"Congressional District 6 (110th Congress), Tennessee",756256,5970,192188,2425,181003,3153,11185,2050,482610,4086,398018,6015,84592,5040,81458,2164,80839,2105,619,437
5001000US4707,4707,"Congressional District 7 (110th Congress), Tennessee",736778,12176,196375,5655,187022,5745,9353,1887,464442,8558,402753,9524,61689,5245,75961,2962,75672,2921,289,336
5001000US4708,4708,"Congressional District 8 (110th Congress), Tennessee",638840,11750,158086,5255,145282,4297,12804,3081,393705,6901,318277,5919,75428,5620,87049,3363,86767,3381,282,244
5001000US4709,4709,"Congressional District 9 (110th Congress), Tennessee",575614,12356,154275,5187,138881,5682,15394,3416,360966,8525,275896,8761,85070,6493,60373,2779,58890,2549,1483,851
5001000US4801,4801,"Congressional District 1 (110th Congress), Texas",675563,9276,172526,2726,144385,4824,28141,3916,409085,5279,289085,7482,120000,6439,93952,4585,92712,4634,1240,730
5001000US4802,4802,"Congressional District 2 (110th Congress), Texas",747661,18034,205008,8634,174089,8306,30919,4708,464769,10963,351520,9715,113249,7713,77884,3690,76693,3676,1191,515
5001000US4803,4803,"Congressional District 3 (110th Congress), Texas",843050,17977,238192,8812,196274,8357,41918,5570,547381,11639,400549,9523,146832,8260,57477,2542,54400,2537,3077,1176
5001000US4804,4804,"Congressional District 4 (110th Congress), Texas",797982,12711,210382,5755,178460,5737,31922,3942,493655,7874,364116,8111,129539,6376,93945,5103,93110,5039,835,380
5001000US4805,4805,"Congressional District 5 (110th Congress), Texas",715350,16940,192410,8808,161500,8474,30910,4083,437822,11084,306286,9839,131536,8694,85118,3544,83077,3362,2041,907
5001000US4806,4806,"Congressional District 6 (110th Congress), Texas",776804,18523,218145,9683,186826,8776,31319,4387,485279,11131,352658,9267,132621,8832,73380,3405,72282,3321,1098,781
5001000US4807,4807,"Congressional District 7 (110th Congress), Texas",748405,20949,183603,10779,161746,9251,21857,4307,494178,13629,397030,11737,97148,7787,70624,4522,69117,4328,1507,777
5001000US4808,4808,"Congressional District 8 (110th Congress), Texas",767086,8275,197968,2666,171663,4224,26305,3929,477130,6124,351743,8591,125387,6235,91988,2586,90112,2608,1876,748
5001000US4809,4809,"Congressional District 9 (110th Congress), Texas",690279,22170,198090,10417,149792,10074,48298,5756,448079,14490,255518,11131,192561,10490,44110,3295,41646,3210,2464,884
5001000US4810,4810,"Congressional District 10 (110th Congress), Texas",944907,23662,270953,11718,228725,10499,42228,5658,607186,15545,466603,12412,140583,9038,66768,4519,64173,4473,2595,1054
5001000US4811,4811,"Congressional District 11 (110th Congress), Texas",669644,7121,177084,2999,141819,4582,35265,3833,395621,5189,276464,6486,119157,5210,96939,2906,95599,2950,1340,549
5001000US4812,4812,"Congressional District 12 (110th Congress), Texas",798606,18033,220951,8379,180160,7961,40791,5056,506292,10740,360432,9358,145860,7771,71363,3541,69042,3706,2321,923
5001000US4813,4813,"Congressional District 13 (110th Congress), Texas",622616,6931,164941,2867,137705,3820,27236,3163,373356,5504,273051,6580,100305,5660,84319,3219,83056,3222,1263,611
5001000US4814,4814,"Congressional District 14 (110th Congress), Texas",741334,9592,201960,4467,169354,5363,32606,4622,459265,7310,333092,8256,126173,7082,80109,2503,78898,2489,1211,660
5001000US4815,4815,"Congressional District 15 (110th Congress), Texas",731351,17044,244882,9395,194675,8575,50207,5565,398717,9845,213317,8953,185400,8709,87752,4390,85069,4302,2683,997
5001000US4816,4816,"Congressional District 16 (110th Congress), Texas",686108,5215,217822,2152,172222,5240,45600,5093,393171,4081,227631,6721,165540,7171,75115,1028,71879,1248,3236,910
5001000US4817,4817,"Congressional District 17 (110th Congress), Texas",714005,5868,176100,2964,147675,4524,28425,3755,453886,3687,336104,6719,117782,5730,84019,2704,82611,2546,1408,506
5001000US4818,4818,"Congressional District 18 (110th Congress), Texas",664280,18452,189638,10088,143112,9243,46526,5278,418543,11851,246218,9003,172325,8598,56099,3552,55337,3548,762,465
5001000US4819,4819,"Congressional District 19 (110th Congress), Texas",645072,6996,173098,2800,147354,4718,25744,3940,387794,5323,286840,7399,100954,7191,84180,2380,83486,2423,694,379
5001000US4820,4820,"Congressional District 20 (110th Congress), Texas",656990,15714,187421,9210,151627,8689,35794,5387,402650,8971,253523,8249,149127,8363,66919,3198,65425,3262,1494,829
5001000US4821,4821,"Congressional District 21 (110th Congress), Texas",814188,21140,214659,10352,189569,9942,25090,4581,505845,12942,412442,10982,93403,8016,93684,3391,91888,3551,1796,858
5001000US4822,4822,"Congressional District 22 (110th Congress), Texas",867595,20535,239558,9551,205410,9382,34148,5938,556078,13113,434123,11609,121955,8104,71959,3742,68307,3541,3652,1388
5001000US4823,4823,"Congressional District 23 (110th Congress), Texas",771414,18686,232456,9366,193135,9379,39321,4766,459498,11917,317774,9841,141724,8130,79460,3916,77397,4074,2063,864
5001000US4824,4824,"Congressional District 24 (110th Congress), Texas",769722,20195,203176,9982,173217,9119,29959,5009,510325,13740,394357,12426,115968,8502,56221,3873,54592,3918,1629,918
5001000US4825,4825,"Congressional District 25 (110th Congress), Texas",775213,15720,197635,7202,159708,8146,37927,5136,516312,10864,366315,10096,149997,6738,61266,3159,60330,3225,936,513
5001000US4826,4826,"Congressional District 26 (110th Congress), Texas",867231,17731,250732,7748,216168,7867,34564,4639,547075,11461,413452,10075,133623,8002,69424,3043,67557,2979,1867,721
5001000US4827,4827,"Congressional District 27 (110th Congress), Texas",693638,9078,212308,4232,172124,5123,40184,4522,406410,7049,248702,7724,157708,7360,74920,2398,71288,2615,3632,1137
5001000US4828,4828,"Congressional District 28 (110th Congress), Texas",794269,13051,268247,7660,213322,8396,54925,5630,447959,7439,248344,8137,199615,8507,78063,3555,74059,3297,4004,1436
5001000US4829,4829,"Congressional District 29 (110th Congress), Texas",683323,21375,223712,10158,163763,9578,59949,6065,413498,13716,199330,8795,214168,11668,46113,3731,42791,3585,3322,1263
5001000US4830,4830,"Congressional District 30 (110th Congress), Texas",693670,21098,206602,9272,152336,7670,54266,6165,437003,13728,244100,9846,192903,11727,50065,3276,47992,3264,2073,848
5001000US4831,4831,"Congressional District 31 (110th Congress), Texas",795043,5332,242146,2227,215559,3698,26587,3348,479817,4719,384703,6616,95114,6251,73080,2009,71308,2088,1772,698
5001000US4832,4832,"Congressional District 32 (110th Congress), Texas",664929,17781,181641,8996,124598,7752,57043,6958,419848,11784,261892,8622,157956,11002,63440,4009,61423,4007,2017,844
5001000US4901,4901,"Congressional District 1 (110th Congress), Utah",870632,10512,272881,5158,238190,5096,34691,4411,523756,7120,426874,7170,96882,6706,73995,2055,72814,1969,1181,655
5001000US4902,4902,"Congressional District 2 (110th Congress), Utah",865880,12595,253793,7864,226649,8514,27144,4081,512968,8015,418785,8313,94183,6732,99119,2923,98611,2943,508,274
5001000US4903,4903,"Congressional District 3 (110th Congress), Utah",968353,14207,322448,8484,272952,8154,49496,6707,580016,7236,466584,8166,113432,6784,65889,3205,64695,3178,1194,549
5001000US5000,5000,"Congressional District (at Large) (110th Congress), Vermont",615089,299,128844,685,123678,1296,5166,1222,403223,921,352822,3304,50401,3183,83022,663,82629,641,393,280
5001000US5101,5101,"Congressional District 1 (110th Congress), Virginia",724160,12447,183826,5028,175081,4964,8745,1747,455486,9120,399257,9326,56229,4974,84848,3596,84457,3586,391,274
5001000US5102,5102,"Congressional District 2 (110th Congress), Virginia",582334,10476,156311,3548,143902,4089,12409,2938,358288,8513,306830,7540,51458,4382,67735,2258,67565,2270,170,191
5001000US5103,5103,"Congressional District 3 (110th Congress), Virginia",646065,11426,167466,5267,152071,5465,15395,2786,405363,8013,317069,8046,88294,7061,73236,3240,72850,3251,386,275
5001000US5104,5104,"Congressional District 4 (110th Congress), Virginia",684214,8849,174760,4261,161974,4378,12786,2778,430578,7051,358341,6996,72237,5144,78876,2497,78296,2540,580,469
5001000US5105,5105,"Congressional District 5 (110th Congress), Virginia",648592,10161,136163,4918,124943,4611,11220,2182,411153,7914,337753,7661,73400,5862,101276,3117,100868,3110,408,296
5001000US5106,5106,"Congressional District 6 (110th Congress), Virginia",671712,7724,140227,3381,125450,4100,14777,2997,427104,5006,357404,6118,69700,4593,104381,2887,103773,2901,608,306
5001000US5107,5107,"Congressional District 7 (110th Congress), Virginia",725883,9846,174356,5502,162843,5453,11513,2299,462464,7006,401622,6993,60842,4910,89063,3142,87987,3191,1076,551
5001000US5108,5108,"Congressional District 8 (110th Congress), Virginia",658358,11405,142048,5596,133385,5333,8663,2220,447625,8111,386895,8402,60730,5696,68685,3907,66130,3773,2555,1051
5001000US5109,5109,"Congressional District 9 (110th Congress), Virginia",634201,6376,123369,2537,114393,3021,8976,1672,409994,4712,333606,6045,76388,5482,100838,2335,100227,2358,611,378
5001000US5110,5110,"Congressional District 10 (110th Congress), Virginia",799785,12206,216033,5369,200350,5377,15683,2831,516688,8726,442788,8575,73900,7806,67064,2719,65074,2743,1990,861
5001000US5111,5111,"Congressional District 11 (110th Congress), Virginia",744946,15023,200781,7521,182517,7018,18264,3997,478185,9171,411218,9024,66967,6184,65980,2765,64577,2795,1403,626
5001000US5301,5301,"Congressional District 1 (110th Congress), Washington",685327,12934,163163,6636,153211,6229,9952,2043,452302,9736,396575,8587,55727,5258,69862,3675,68820,3603,1042,421
5001000US5302,5302,"Congressional District 2 (110th Congress), Washington",730570,8743,176727,4601,160099,5406,16628,2954,461497,6186,380857,7325,80640,6897,92346,2343,91858,2313,488,284
5001000US5303,5303,"Congressional District 3 (110th Congress), Washington",759112,5957,184357,2713,170098,3414,14259,2876,482290,4145,397303,6013,84987,4906,92465,1653,91984,1697,481,317
5001000US5304,5304,"Congressional District 4 (110th Congress), Washington",730675,3927,208105,1611,171150,4660,36955,4427,437425,3497,322326,5642,115099,4964,85145,2644,84175,2649,970,473
5001000US5305,5305,"Congressional District 5 (110th Congress), Washington",694384,4152,161406,1207,153502,2487,7904,1914,440000,3433,362492,5211,77508,4372,92978,1592,92653,1564,325,250
5001000US5306,5306,"Congressional District 6 (110th Congress), Washington",667500,9873,153596,4897,140363,5210,13233,2550,415891,7810,328022,7588,87869,6067,98013,3356,97051,3364,962,584
5001000US5307,5307,"Congressional District 7 (110th Congress), Washington",666990,13278,109376,5774,102324,5534,7052,2001,486136,9690,422652,9819,63484,5807,71478,3992,70861,4014,617,345
5001000US5308,5308,"Congressional District 8 (110th Congress), Washington",803495,14899,215889,7033,204631,7008,11258,2728,508865,9707,448839,9119,60026,5025,78741,4068,76847,3960,1894,1386
5001000US5309,5309,"Congressional District 9 (110th Congress), Washington",690182,14982,167869,7770,154715,7400,13154,3050,439592,9800,361858,8944,77734,5730,82721,3633,80972,3518,1749,937
5001000US5401,5401,"Congressional District 1 (110th Congress), West Virginia",583364,3909,121318,2332,113421,2667,7897,1703,371729,2421,294591,4788,77138,4683,90317,2309,89723,2322,594,442
5001000US5402,5402,"Congressional District 2 (110th Congress), West Virginia",626473,4346,141373,2216,131550,2519,9823,2142,394048,2870,305550,5684,88498,5584,91052,2151,90473,2192,579,342
5001000US5403,5403,"Congressional District 3 (110th Congress), West Virginia",577873,2809,122124,1097,114096,2276,8028,1968,364666,1590,274566,5033,90100,5299,91083,1819,90561,1798,522,391
5001000US5501,5501,"Congressional District 1 (110th Congress), Wisconsin",713558,9899,176376,4184,168245,4739,8131,2195,451313,7283,396081,6985,55232,4647,85869,3539,85542,3525,327,202
5001000US5502,5502,"Congressional District 2 (110th Congress), Wisconsin",733644,6304,167482,2669,161005,3351,6477,1707,488877,4687,436285,4870,52592,4221,77285,2078,76866,2094,419,255
5001000US5503,5503,"Congressional District 3 (110th Congress), Wisconsin",705516,3753,161368,1731,146519,2517,14849,2449,451686,2171,394905,4188,56781,4021,92462,2055,91811,2077,651,251
5001000US5504,5504,"Congressional District 4 (110th Congress), Wisconsin",658655,8642,180548,4424,167821,4570,12727,2375,414857,5464,333449,7182,81408,5075,63250,2760,62523,2800,727,464
5001000US5505,5505,"Congressional District 5 (110th Congress), Wisconsin",698617,8016,162538,4217,158346,4389,4192,1309,435506,5253,402740,5795,32766,3425,100573,3018,100042,3005,531,330
5001000US5506,5506,"Congressional District 6 (110th Congress), Wisconsin",667435,5713,151365,2432,146709,2752,4656,1188,421274,3696,376381,4520,44893,2989,94796,2133,94114,2144,682,439
5001000US5507,5507,"Congressional District 7 (110th Congress), Wisconsin",673131,3673,149444,1073,138594,1916,10850,1655,420305,2324,362771,4064,57534,3357,103382,2001,102731,1985,651,345
5001000US5508,5508,"Congressional District 8 (110th Congress), Wisconsin",689453,4582,160046,1887,154033,2159,6013,1215,433810,3156,381187,4367,52623,3269,95597,2072,94998,2109,599,362
5001000US5600,5600,"Congressional District (at Large) (110th Congress), Wyoming",523428,1036,127415,1550,116288,2496,11127,2178,332724,1999,271532,3877,61192,3894,63289,1207,62746,1202,543,272
5001000US7298,7298,"Resident Commissioner District (at Large) (110th Congress), Puerto Rico",3922338,1225,980770,993,926859,5083,53911,4872,2407446,1692,2131563,9933,275883,9855,534122,1133,526156,1789,7966,1307
